Built,n,prop
3.5.0,25,0.12437810945273632
3.5.1,175,0.8706467661691543
3.5.2,1,0.004975124378109453
